{
  "fieldFormatMap": "{\"@timestamp\":{\"id\":\"date\"}}",
  "fields": "[{\"aggregatable\":true,\"analyzed\":false,\"count\":0,\"doc_values\":true,\"indexed\":true,\"name\":\"beat.name\",\"scripted\":false,\"searchable\":true,\"type\":\"string\"},{\"aggregatable\":true,\"analyzed\":false,\"count\":0,\"doc_values\":true,\"indexed\":true,\"name\":\"beat.hostname\",\"scripted\":false,\"searchable\":true,\"type\":\"string\"},{\"aggregatable\":true,\"analyzed\":false,\"count\":0,\"doc_values\":true,\"indexed\":true,\"name\":\"beat.timezone\",\"scripted\":false,\"searchable\":true,\"type\":\"string\"},{\"aggregatable\":true,\"analyzed\":false,\"count\":0,\"doc_values\":true,\"indexed\":true,\"name\":\"beat.version\",\"scripted\":false,\"searchable\":true,\"type\":\"string\"},{\"aggregatable\":true,\"analyzed\":false,\"count\":0,\"doc_values\":true,\"indexed\":true,\"name\":\"@timestamp\",\"scripted\":false,\"searchable\":true,\"type\":\"date\"},{\"aggregatable\":true,\"analyzed\":false,\"count\":0,\"doc_values\":true,\"indexed\":true,\"name\":\"tags\",\"scripted\":false,\"searchable\":true,\"type\":\"string\"},{\"aggregatable\":true,\"analyzed\":false,\"count\":0,\"doc_values\":true,\"indexed\":true,\"name\":\"fields\",\"scripted\":false,\"searchable\":true},{\"aggregatable\":false,\"analyzed\":false,\"count\":0,\"doc_values\":true,\"indexed\":true,\"name\":\"error.message\",\"scripted\":false,\"searchable\":true,\"type\":\"string\"},{\"aggregatable\":true,\"analyzed\":false,\"count\":0,\"doc_values\":true,\"indexed\":true,\"name\":\"error.code\",\"scripted\":false,\"searchable\":true,\"type\":\"number\"},{\"aggregatable\":true,\"analyzed\":false,\"count\":0,\"doc_values\":true,\"indexed\":true,\"name\":\"error.type\",\"scripted\":false,\"searchable\":true,\"type\":\"string\"},{\"aggregatable\":true,\"analyzed\":false,\"count\":0,\"doc_values\":true,\"indexed\":true,\"name\":\"meta.cloud.provider\",\"scripted\":false,\"searchable\":true,\"type\":\"string\"},{\"aggregatable\":true,\"analyzed\":false,\"count\":0,\"doc_values\":true,\"indexed\":true,\"name\":\"meta.cloud.instance_id\",\"scripted\":false,\"searchable\":true,\"type\":\"string\"},{\"aggregatable\":true,\"analyzed\":false,\"count\":0,\"doc_values\":true,\"indexed\":true,\"name\":\"meta.cloud.instance_name\",\"scripted\":false,\"searchable\":true,\"type\":\"string\"},{\"aggregatable\":true,\"analyzed\":false,\"count\":0,\"doc_values\":true,\"indexed\":true,\"name\":\"meta.cloud.machine_type\",\"scripted\":false,\"searchable\":true,\"type\":\"string\"},{\"aggregatable\":true,\"analyzed\":false,\"count\":0,\"doc_values\":true,\"indexed\":true,\"name\":\"meta.cloud.availability_zone\",\"scripted\":false,\"searchable\":true,\"type\":\"string\"},{\"aggregatable\":true,\"analyzed\":false,\"count\":0,\"doc_values\":true,\"indexed\":true,\"name\":\"meta.cloud.project_id\",\"scripted\":false,\"searchable\":true,\"type\":\"string\"},{\"aggregatable\":true,\"analyzed\":false,\"count\":0,\"doc_values\":true,\"indexed\":true,\"name\":\"meta.cloud.region\",\"scripted\":false,\"searchable\":true,\"type\":\"string\"},{\"aggregatable\":true,\"analyzed\":false,\"count\":0,\"doc_values\":true,\"indexed\":true,\"name\":\"docker.container.id\",\"scripted\":false,\"searchable\":true,\"type\":\"string\"},{\"aggregatable\":true,\"analyzed\":false,\"count\":0,\"doc_values\":true,\"indexed\":true,\"name\":\"docker.container.image\",\"scripted\":false,\"searchable\":true,\"type\":\"string\"},{\"aggregatable\":true,\"analyzed\":false,\"count\":0,\"doc_values\":true,\"indexed\":true,\"name\":\"docker.container.name\",\"scripted\":false,\"searchable\":true,\"type\":\"string\"},{\"aggregatable\":true,\"analyzed\":false,\"count\":0,\"doc_values\":true,\"indexed\":true,\"name\":\"docker.container.labels\",\"scripted\":false,\"searchable\":true},{\"aggregatable\":true,\"analyzed\":false,\"count\":0,\"doc_values\":true,\"indexed\":true,\"name\":\"kubernetes.pod.name\",\"scripted\":false,\"searchable\":true,\"type\":\"string\"},{\"aggregatable\":true,\"analyzed\":false,\"count\":0,\"doc_values\":true,\"indexed\":true,\"name\":\"kubernetes.namespace\",\"scripted\":false,\"searchable\":true,\"type\":\"string\"},{\"aggregatable\":true,\"analyzed\":false,\"count\":0,\"doc_values\":true,\"indexed\":true,\"name\":\"kubernetes.node.name\",\"scripted\":false,\"searchable\":true,\"type\":\"string\"},{\"aggregatable\":true,\"analyzed\":false,\"count\":0,\"doc_values\":true,\"indexed\":true,\"name\":\"kubernetes.labels\",\"scripted\":false,\"searchable\":true},{\"aggregatable\":true,\"analyzed\":false,\"count\":0,\"doc_values\":true,\"indexed\":true,\"name\":\"kubernetes.annotations\",\"scripted\":false,\"searchable\":true},{\"aggregatable\":true,\"analyzed\":false,\"count\":0,\"doc_values\":true,\"indexed\":true,\"name\":\"kubernetes.container.name\",\"scripted\":false,\"searchable\":true,\"type\":\"string\"},{\"aggregatable\":true,\"analyzed\":false,\"count\":0,\"doc_values\":true,\"indexed\":true,\"name\":\"kubernetes.container.image\",\"scripted\":false,\"searchable\":true,\"type\":\"string\"},{\"aggregatable\":true,\"analyzed\":false,\"count\":0,\"doc_values\":true,\"indexed\":true,\"name\":\"monitor.type\",\"scripted\":false,\"searchable\":true,\"type\":\"string\"},{\"aggregatable\":true,\"analyzed\":false,\"count\":0,\"doc_values\":true,\"indexed\":true,\"name\":\"monitor.name\",\"scripted\":false,\"searchable\":true,\"type\":\"string\"},{\"aggregatable\":true,\"analyzed\":false,\"count\":0,\"doc_values\":true,\"indexed\":true,\"name\":\"monitor.id\",\"scripted\":false,\"searchable\":true,\"type\":\"string\"},{\"aggregatable\":true,\"analyzed\":false,\"count\":0,\"doc_values\":true,\"indexed\":true,\"name\":\"monitor.duration.us\",\"scripted\":false,\"searchable\":true,\"type\":\"number\"},{\"aggregatable\":true,\"analyzed\":false,\"count\":0,\"doc_values\":true,\"indexed\":true,\"name\":\"monitor.scheme\",\"scripted\":false,\"searchable\":true,\"type\":\"string\"},{\"aggregatable\":true,\"analyzed\":false,\"count\":0,\"doc_values\":true,\"indexed\":true,\"name\":\"monitor.host\",\"scripted\":false,\"searchable\":true,\"type\":\"string\"},{\"aggregatable\":true,\"analyzed\":false,\"count\":0,\"doc_values\":true,\"indexed\":true,\"name\":\"monitor.ip\",\"scripted\":false,\"searchable\":true},{\"aggregatable\":true,\"analyzed\":false,\"count\":0,\"doc_values\":true,\"indexed\":true,\"name\":\"monitor.status\",\"scripted\":false,\"searchable\":true,\"type\":\"string\"},{\"aggregatable\":true,\"analyzed\":false,\"count\":0,\"doc_values\":true,\"indexed\":true,\"name\":\"resolve.host\",\"scripted\":false,\"searchable\":true,\"type\":\"string\"},{\"aggregatable\":true,\"analyzed\":false,\"count\":0,\"doc_values\":true,\"indexed\":true,\"name\":\"resolve.ip\",\"scripted\":false,\"searchable\":true},{\"aggregatable\":true,\"analyzed\":false,\"count\":0,\"doc_values\":true,\"indexed\":true,\"name\":\"resolve.rtt.us\",\"scripted\":false,\"searchable\":true,\"type\":\"number\"},{\"aggregatable\":true,\"analyzed\":false,\"count\":0,\"doc_values\":true,\"indexed\":true,\"name\":\"socks5.rtt.connect.us\",\"scripted\":false,\"searchable\":true,\"type\":\"number\"},{\"aggregatable\":true,\"analyzed\":false,\"count\":0,\"doc_values\":true,\"indexed\":true,\"name\":\"tls.rtt.handshake.us\",\"scripted\":false,\"searchable\":true,\"type\":\"number\"},{\"aggregatable\":false,\"analyzed\":false,\"count\":0,\"doc_values\":true,\"indexed\":true,\"name\":\"http.url\",\"scripted\":false,\"searchable\":true,\"type\":\"string\"},{\"aggregatable\":true,\"analyzed\":false,\"count\":0,\"doc_values\":true,\"indexed\":true,\"name\":\"http.response.status\",\"scripted\":false,\"searchable\":true,\"type\":\"number\"},{\"aggregatable\":true,\"analyzed\":false,\"count\":0,\"doc_values\":true,\"indexed\":true,\"name\":\"http.rtt.validate.us\",\"scripted\":false,\"searchable\":true,\"type\":\"number\"},{\"aggregatable\":true,\"analyzed\":false,\"count\":0,\"doc_values\":true,\"indexed\":true,\"name\":\"http.rtt.validate_body.us\",\"scripted\":false,\"searchable\":true,\"type\":\"number\"},{\"aggregatable\":true,\"analyzed\":false,\"count\":0,\"doc_values\":true,\"indexed\":true,\"name\":\"http.rtt.write_request.us\",\"scripted\":false,\"searchable\":true,\"type\":\"number\"},{\"aggregatable\":true,\"analyzed\":false,\"count\":0,\"doc_values\":true,\"indexed\":true,\"name\":\"http.rtt.response_header.us\",\"scripted\":false,\"searchable\":true,\"type\":\"number\"},{\"aggregatable\":true,\"analyzed\":false,\"count\":0,\"doc_values\":true,\"indexed\":true,\"name\":\"http.rtt.total.us\",\"scripted\":false,\"searchable\":true,\"type\":\"number\"},{\"aggregatable\":true,\"analyzed\":false,\"count\":0,\"doc_values\":true,\"indexed\":true,\"name\":\"icmp.requests\",\"scripted\":false,\"searchable\":true,\"type\":\"number\"},{\"aggregatable\":true,\"analyzed\":false,\"count\":0,\"doc_values\":true,\"indexed\":true,\"name\":\"icmp.rtt.us\",\"scripted\":false,\"searchable\":true,\"type\":\"number\"},{\"aggregatable\":true,\"analyzed\":false,\"count\":0,\"doc_values\":true,\"indexed\":true,\"name\":\"tcp.port\",\"scripted\":false,\"searchable\":true,\"type\":\"number\"},{\"aggregatable\":true,\"analyzed\":false,\"count\":0,\"doc_values\":true,\"indexed\":true,\"name\":\"tcp.rtt.connect.us\",\"scripted\":false,\"searchable\":true,\"type\":\"number\"},{\"aggregatable\":true,\"analyzed\":false,\"count\":0,\"doc_values\":true,\"indexed\":true,\"name\":\"tcp.rtt.validate.us\",\"scripted\":false,\"searchable\":true,\"type\":\"number\"},{\"aggregatable\":false,\"analyzed\":false,\"count\":0,\"doc_values\":false,\"indexed\":false,\"name\":\"_id\",\"scripted\":false,\"searchable\":false,\"type\":\"string\"},{\"aggregatable\":true,\"analyzed\":false,\"count\":0,\"doc_values\":false,\"indexed\":false,\"name\":\"_type\",\"scripted\":false,\"searchable\":true,\"type\":\"string\"},{\"aggregatable\":false,\"analyzed\":false,\"count\":0,\"doc_values\":false,\"indexed\":false,\"name\":\"_index\",\"scripted\":false,\"searchable\":false,\"type\":\"string\"},{\"aggregatable\":false,\"analyzed\":false,\"count\":0,\"doc_values\":false,\"indexed\":false,\"name\":\"_score\",\"scripted\":false,\"searchable\":false,\"type\":\"number\"}]",
  "timeFieldName": "@timestamp",
  "title": "heartbeat-*"
}