{
  "objects": [
    {
      "attributes": {
        "description": "",
        "kibanaSavedObjectMeta": {
          "searchSourceJSON": "{\"query\":{\"query_string\":{\"query\":\"*\"}},\"filter\":[]}"
        },
        "title": "Available pods per deployment [Metricbeat Kubernetes]",
        "uiStateJSON": "{}",
        "version": 1,
        "visState": "{\"title\":\"Available pods per deployment [Metricbeat Kubernetes]\",\"type\":\"metrics\",\"params\":{\"axis_formatter\":\"number\",\"axis_position\":\"left\",\"filter\":\"metricset.module:kubernetes AND metricset.name:state_deployment\",\"id\":\"117fadf0-30df-11e7-8df8-6d3604a72912\",\"index_pattern\":\"metricbeat-*\",\"interval\":\"auto\",\"series\":[{\"axis_position\":\"right\",\"chart_type\":\"line\",\"color\":\"rgba(104,188,0,1)\",\"fill\":0.5,\"formatter\":\"number\",\"id\":\"64456840-30df-11e7-8df8-6d3604a72912\",\"label\":\"Available pods\",\"line_width\":1,\"metrics\":[{\"field\":\"kubernetes.deployment.replicas.available\",\"id\":\"64456841-30df-11e7-8df8-6d3604a72912\",\"type\":\"sum\"}],\"point_size\":1,\"seperate_axis\":0,\"split_filters\":[{\"color\":\"#68BC00\",\"id\":\"53d35ad0-30df-11e7-8df8-6d3604a72912\"}],\"split_mode\":\"terms\",\"stacked\":\"stacked\",\"terms_field\":\"kubernetes.deployment.name\",\"terms_size\":\"10000\"}],\"show_legend\":1,\"time_field\":\"@timestamp\",\"type\":\"timeseries\"},\"aggs\":[],\"listeners\":{}}"
      },
      "col": 7,
      "id": "022a54c0-2bf5-11e7-859b-f78b612cde28",
      "panelIndex": 1,
      "row": 1,
      "size_x": 6,
      "size_y": 3,
      "type": "visualization",
      "version": 2
    },
    {
      "attributes": {
        "description": "",
        "kibanaSavedObjectMeta": {
          "searchSourceJSON": "{\"query\":{\"query_string\":{\"query\":\"*\"}},\"filter\":[]}"
        },
        "title": "CPU usage by node  [Metricbeat Kubernetes]",
        "uiStateJSON": "{}",
        "version": 1,
        "visState": "{\"title\":\"CPU usage by node  [Metricbeat Kubernetes]\",\"type\":\"metrics\",\"params\":{\"id\":\"0d5c6b10-2bf2-11e7-859b-f78b612cde28\",\"type\":\"timeseries\",\"series\":[{\"id\":\"0d5c9220-2bf2-11e7-859b-f78b612cde28\",\"color\":\"#68BC00\",\"split_mode\":\"terms\",\"metrics\":[{\"id\":\"0d5c9221-2bf2-11e7-859b-f78b612cde28\",\"type\":\"sum\",\"field\":\"kubernetes.container.cpu.usage.nanocores\"}],\"seperate_axis\":0,\"axis_position\":\"right\",\"formatter\":\"0.0a\",\"chart_type\":\"line\",\"line_width\":1,\"point_size\":1,\"fill\":\"0.5\",\"stacked\":\"none\",\"terms_field\":\"kubernetes.node.name\",\"terms_size\":\"10000\",\"terms_order_by\":\"0d5c9221-2bf2-11e7-859b-f78b612cde28\",\"value_template\":\"{{value}} nanocores\",\"override_index_pattern\":0,\"series_interval\":\"10s\",\"series_time_field\":\"@timestamp\"},{\"id\":\"22f65d40-31a7-11e7-84cc-096d2b38e6e5\",\"color\":\"rgba(211,49,21,1)\",\"split_mode\":\"terms\",\"metrics\":[{\"id\":\"22f65d41-31a7-11e7-84cc-096d2b38e6e5\",\"type\":\"avg\",\"field\":\"kubernetes.node.cpu.capacity.cores\"},{\"script\":\"params.cores * 1000000000\",\"id\":\"4af4c390-34d6-11e7-be88-cb6a123dc1bb\",\"type\":\"calculation\",\"variables\":[{\"id\":\"4cd32080-34d6-11e7-be88-cb6a123dc1bb\",\"name\":\"cores\",\"field\":\"22f65d41-31a7-11e7-84cc-096d2b38e6e5\"}]}],\"seperate_axis\":0,\"axis_position\":\"right\",\"formatter\":\"0.0a\",\"chart_type\":\"line\",\"line_width\":1,\"point_size\":\"0\",\"fill\":\"0\",\"stacked\":\"none\",\"terms_field\":\"kubernetes.node.name\",\"terms_size\":\"10000\",\"terms_order_by\":\"22f65d41-31a7-11e7-84cc-096d2b38e6e5\",\"value_template\":\"{{value}} nanocores\",\"hide_in_legend\":1,\"label\":\"\",\"override_index_pattern\":0,\"series_interval\":\"10s\",\"series_time_field\":\"@timestamp\"}],\"time_field\":\"@timestamp\",\"index_pattern\":\"metricbeat-*\",\"interval\":\"auto\",\"axis_position\":\"left\",\"axis_formatter\":\"number\",\"show_legend\":1,\"background_color_rules\":[{\"id\":\"12c1f2f0-2bf2-11e7-859b-f78b612cde28\"}],\"bar_color_rules\":[{\"id\":\"1373ddd0-2bf2-11e7-859b-f78b612cde28\"}],\"gauge_color_rules\":[{\"id\":\"140e4910-2bf2-11e7-859b-f78b612cde28\"}],\"gauge_width\":10,\"gauge_inner_width\":10,\"gauge_style\":\"half\",\"filter\":\"metricset.module:kubernetes AND (metricset.name:container OR metricset.name:state_node)\"},\"aggs\":[],\"listeners\":{}}"
      },
      "col": 1,
      "id": "44f12b40-2bf4-11e7-859b-f78b612cde28",
      "panelIndex": 2,
      "row": 7,
      "size_x": 6,
      "size_y": 3,
      "type": "visualization",
      "version": 2
    },
    {
      "attributes": {
        "description": "",
        "kibanaSavedObjectMeta": {
          "searchSourceJSON": "{\"query\":{\"query_string\":{\"query\":\"*\"}},\"filter\":[]}"
        },
        "title": "Kubernetes - Deployments",
        "uiStateJSON": "{}",
        "version": 1,
        "visState": "{\"title\":\"Kubernetes - Deployments\",\"type\":\"metrics\",\"params\":{\"id\":\"4c4690b0-30e0-11e7-8df8-6d3604a72912\",\"type\":\"metric\",\"series\":[{\"id\":\"4c4690b1-30e0-11e7-8df8-6d3604a72912\",\"color\":\"#68BC00\",\"split_mode\":\"everything\",\"metrics\":[{\"id\":\"4c4690b2-30e0-11e7-8df8-6d3604a72912\",\"type\":\"cardinality\",\"field\":\"kubernetes.deployment.name\"}],\"seperate_axis\":0,\"axis_position\":\"right\",\"formatter\":\"number\",\"chart_type\":\"line\",\"line_width\":1,\"point_size\":1,\"fill\":0.5,\"stacked\":\"none\",\"terms_field\":\"kubernetes.deployment.name\",\"label\":\"Deployments\"}],\"time_field\":\"@timestamp\",\"index_pattern\":\"metricbeat-*\",\"interval\":\"auto\",\"axis_position\":\"left\",\"axis_formatter\":\"number\",\"show_legend\":1,\"filter\":\"metricset.module:kubernetes AND metricset.name:state_deployment\",\"background_color_rules\":[{\"id\":\"67ee7da0-30e0-11e7-8df8-6d3604a72912\"}],\"bar_color_rules\":[{\"id\":\"68cdba10-30e0-11e7-8df8-6d3604a72912\"}],\"gauge_color_rules\":[{\"id\":\"69765620-30e0-11e7-8df8-6d3604a72912\"}],\"gauge_width\":10,\"gauge_inner_width\":10,\"gauge_style\":\"half\"},\"aggs\":[],\"listeners\":{}}"
      },
      "col": 4,
      "id": "cd059410-2bfb-11e7-859b-f78b612cde28",
      "panelIndex": 5,
      "row": 1,
      "size_x": 3,
      "size_y": 3,
      "type": "visualization",
      "version": 1
    },
    {
      "attributes": {
        "description": "",
        "kibanaSavedObjectMeta": {
          "searchSourceJSON": "{\"query\":{\"query_string\":{\"query\":\"*\"}},\"filter\":[]}"
        },
        "title": "Kubernetes - Desired pods",
        "uiStateJSON": "{}",
        "version": 1,
        "visState": "{\"title\":\"Kubernetes - Desired pods\",\"type\":\"metrics\",\"params\":{\"id\":\"2fe9d3b0-30d5-11e7-8df8-6d3604a72912\",\"type\":\"metric\",\"series\":[{\"id\":\"2fe9d3b1-30d5-11e7-8df8-6d3604a72912\",\"color\":\"#68BC00\",\"split_mode\":\"everything\",\"metrics\":[{\"id\":\"54cf79a0-30d5-11e7-8df8-6d3604a72912\",\"type\":\"sum\",\"field\":\"kubernetes.deployment.replicas.desired\"}],\"seperate_axis\":0,\"axis_position\":\"right\",\"formatter\":\"number\",\"chart_type\":\"line\",\"line_width\":1,\"point_size\":1,\"fill\":0.5,\"stacked\":\"none\",\"label\":\"Desired Pods\",\"override_index_pattern\":1,\"series_time_field\":\"@timestamp\",\"series_interval\":\"10s\"}],\"time_field\":\"@timestamp\",\"index_pattern\":\"metricbeat-*\",\"interval\":\"auto\",\"axis_position\":\"left\",\"axis_formatter\":\"number\",\"show_legend\":1,\"background_color_rules\":[{\"id\":\"508ffb30-30d5-11e7-8df8-6d3604a72912\"}],\"gauge_color_rules\":[{\"id\":\"50f9b980-30d5-11e7-8df8-6d3604a72912\"}],\"gauge_width\":\"10\",\"gauge_inner_width\":\"10\",\"gauge_style\":\"half\",\"bar_color_rules\":[{\"id\":\"674d83b0-30d5-11e7-8df8-6d3604a72912\"}],\"gauge_max\":\"5\",\"filter\":\"metricset.module:kubernetes AND metricset.name:state_deployment\"},\"aggs\":[],\"listeners\":{}}"
      },
      "col": 1,
      "id": "e1018b90-2bfb-11e7-859b-f78b612cde28",
      "panelIndex": 6,
      "row": 4,
      "size_x": 2,
      "size_y": 3,
      "type": "visualization",
      "version": 1
    },
    {
      "attributes": {
        "description": "",
        "kibanaSavedObjectMeta": {
          "searchSourceJSON": "{\"query\":{\"query_string\":{\"query\":\"*\"}},\"filter\":[]}"
        },
        "title": "Memory usage by node  [Metricbeat Kubernetes]",
        "uiStateJSON": "{}",
        "version": 1,
        "visState": "{\"title\":\"Memory usage by node  [Metricbeat Kubernetes]\",\"type\":\"metrics\",\"params\":{\"id\":\"0d5c6b10-2bf2-11e7-859b-f78b612cde28\",\"type\":\"timeseries\",\"series\":[{\"id\":\"0d5c9220-2bf2-11e7-859b-f78b612cde28\",\"color\":\"#68BC00\",\"split_mode\":\"terms\",\"metrics\":[{\"id\":\"0d5c9221-2bf2-11e7-859b-f78b612cde28\",\"type\":\"sum\",\"field\":\"kubernetes.container.memory.usage.bytes\"}],\"seperate_axis\":0,\"axis_position\":\"right\",\"formatter\":\"bytes\",\"chart_type\":\"line\",\"line_width\":1,\"point_size\":1,\"fill\":0.5,\"stacked\":\"none\",\"terms_field\":\"kubernetes.node.name\",\"terms_size\":\"10000\",\"terms_order_by\":\"0d5c9221-2bf2-11e7-859b-f78b612cde28\"},{\"id\":\"8ba3b270-31a7-11e7-84cc-096d2b38e6e5\",\"color\":\"rgba(211,49,21,1)\",\"split_mode\":\"terms\",\"metrics\":[{\"id\":\"8ba3b271-31a7-11e7-84cc-096d2b38e6e5\",\"type\":\"sum\",\"field\":\"kubernetes.node.memory.capacity.bytes\"}],\"seperate_axis\":0,\"axis_position\":\"right\",\"formatter\":\"bytes\",\"chart_type\":\"line\",\"line_width\":1,\"point_size\":\"0\",\"fill\":\"0\",\"stacked\":\"none\",\"terms_field\":\"kubernetes.node.name\",\"terms_size\":\"10000\",\"terms_order_by\":\"8ba3b271-31a7-11e7-84cc-096d2b38e6e5\",\"hide_in_legend\":1,\"label\":\"Node capacity\"}],\"time_field\":\"@timestamp\",\"index_pattern\":\"metricbeat-*\",\"interval\":\"auto\",\"axis_position\":\"left\",\"axis_formatter\":\"number\",\"show_legend\":1,\"background_color_rules\":[{\"id\":\"12c1f2f0-2bf2-11e7-859b-f78b612cde28\"}],\"bar_color_rules\":[{\"id\":\"1373ddd0-2bf2-11e7-859b-f78b612cde28\"}],\"gauge_color_rules\":[{\"id\":\"140e4910-2bf2-11e7-859b-f78b612cde28\"}],\"gauge_width\":10,\"gauge_inner_width\":10,\"gauge_style\":\"half\",\"filter\":\"metricset.module:kubernetes AND (metricset.name:container OR metricset.name:state_node)\"},\"aggs\":[],\"listeners\":{}}"
      },
      "col": 7,
      "id": "d6564360-2bfc-11e7-859b-f78b612cde28",
      "panelIndex": 7,
      "row": 7,
      "size_x": 6,
      "size_y": 3,
      "type": "visualization",
      "version": 2
    },
    {
      "attributes": {
        "description": "",
        "kibanaSavedObjectMeta": {
          "searchSourceJSON": "{\"query\":{\"query_string\":{\"query\":\"*\"}},\"filter\":[]}"
        },
        "title": "Network in by node  [Metricbeat Kubernetes]",
        "uiStateJSON": "{}",
        "version": 1,
        "visState": "{\"title\":\"Network in by node  [Metricbeat Kubernetes]\",\"type\":\"metrics\",\"params\":{\"id\":\"0d5c6b10-2bf2-11e7-859b-f78b612cde28\",\"type\":\"timeseries\",\"series\":[{\"id\":\"0d5c9220-2bf2-11e7-859b-f78b612cde28\",\"color\":\"rgba(104,188,0,1)\",\"split_mode\":\"terms\",\"metrics\":[{\"id\":\"0d5c9221-2bf2-11e7-859b-f78b612cde28\",\"type\":\"sum\",\"field\":\"kubernetes.pod.network.rx.bytes\"},{\"unit\":\"\",\"id\":\"494fc310-2bf7-11e7-859b-f78b612cde28\",\"type\":\"derivative\",\"field\":\"0d5c9221-2bf2-11e7-859b-f78b612cde28\"},{\"unit\":\"\",\"id\":\"37c72a70-3598-11e7-aa4a-8313a0c92a88\",\"type\":\"positive_only\",\"field\":\"494fc310-2bf7-11e7-859b-f78b612cde28\"}],\"seperate_axis\":0,\"axis_position\":\"right\",\"formatter\":\"bytes\",\"chart_type\":\"line\",\"line_width\":1,\"point_size\":1,\"fill\":0.5,\"stacked\":\"stacked\",\"terms_field\":\"kubernetes.node.name\",\"terms_size\":\"100000\",\"terms_order_by\":\"0d5c9221-2bf2-11e7-859b-f78b612cde28\",\"label\":\"\"}],\"time_field\":\"@timestamp\",\"index_pattern\":\"metricbeat-*\",\"interval\":\"auto\",\"axis_position\":\"left\",\"axis_formatter\":\"number\",\"show_legend\":1,\"background_color_rules\":[{\"id\":\"12c1f2f0-2bf2-11e7-859b-f78b612cde28\"}],\"bar_color_rules\":[{\"id\":\"1373ddd0-2bf2-11e7-859b-f78b612cde28\"}],\"gauge_color_rules\":[{\"id\":\"140e4910-2bf2-11e7-859b-f78b612cde28\"}],\"gauge_width\":10,\"gauge_inner_width\":10,\"gauge_style\":\"half\",\"filter\":\"metricset.module:kubernetes AND metricset.name:pod\"},\"aggs\":[],\"listeners\":{}}"
      },
      "col": 7,
      "id": "16fa4470-2bfd-11e7-859b-f78b612cde28",
      "panelIndex": 8,
      "row": 10,
      "size_x": 6,
      "size_y": 3,
      "type": "visualization",
      "version": 2
    },
    {
      "attributes": {
        "description": "",
        "kibanaSavedObjectMeta": {
          "searchSourceJSON": "{\"query\":{\"query_string\":{\"query\":\"*\"}},\"filter\":[]}"
        },
        "title": "Network out by node  [Metricbeat Kubernetes]",
        "uiStateJSON": "{}",
        "version": 1,
        "visState": "{\"title\":\"Network out by node  [Metricbeat Kubernetes]\",\"type\":\"metrics\",\"params\":{\"id\":\"0d5c6b10-2bf2-11e7-859b-f78b612cde28\",\"type\":\"timeseries\",\"series\":[{\"id\":\"0d5c9220-2bf2-11e7-859b-f78b612cde28\",\"color\":\"rgba(104,188,0,1)\",\"split_mode\":\"terms\",\"metrics\":[{\"id\":\"0d5c9221-2bf2-11e7-859b-f78b612cde28\",\"type\":\"sum\",\"field\":\"kubernetes.pod.network.tx.bytes\"},{\"unit\":\"\",\"id\":\"494fc310-2bf7-11e7-859b-f78b612cde28\",\"type\":\"derivative\",\"field\":\"0d5c9221-2bf2-11e7-859b-f78b612cde28\"},{\"unit\":\"\",\"id\":\"244c70e0-3598-11e7-aa4a-8313a0c92a88\",\"type\":\"positive_only\",\"field\":\"494fc310-2bf7-11e7-859b-f78b612cde28\"}],\"seperate_axis\":0,\"axis_position\":\"right\",\"formatter\":\"bytes\",\"chart_type\":\"line\",\"line_width\":1,\"point_size\":1,\"fill\":0.5,\"stacked\":\"stacked\",\"terms_field\":\"kubernetes.node.name\",\"terms_size\":\"10000\",\"terms_order_by\":\"0d5c9221-2bf2-11e7-859b-f78b612cde28\",\"label\":\"\"}],\"time_field\":\"@timestamp\",\"index_pattern\":\"metricbeat-*\",\"interval\":\"auto\",\"axis_position\":\"left\",\"axis_formatter\":\"number\",\"show_legend\":1,\"background_color_rules\":[{\"id\":\"12c1f2f0-2bf2-11e7-859b-f78b612cde28\"}],\"bar_color_rules\":[{\"id\":\"1373ddd0-2bf2-11e7-859b-f78b612cde28\"}],\"gauge_color_rules\":[{\"id\":\"140e4910-2bf2-11e7-859b-f78b612cde28\"}],\"gauge_width\":10,\"gauge_inner_width\":10,\"gauge_style\":\"half\",\"filter\":\"metricset.module:kubernetes AND metricset.name:pod\"},\"aggs\":[],\"listeners\":{}}"
      },
      "col": 1,
      "id": "294546b0-30d6-11e7-8df8-6d3604a72912",
      "panelIndex": 9,
      "row": 10,
      "size_x": 6,
      "size_y": 3,
      "type": "visualization",
      "version": 2
    },
    {
      "attributes": {
        "description": "",
        "kibanaSavedObjectMeta": {
          "searchSourceJSON": "{\"query\":{\"query_string\":{\"query\":\"*\"}},\"filter\":[]}"
        },
        "title": "Kubernetes - Nodes",
        "uiStateJSON": "{}",
        "version": 1,
        "visState": "{\"title\":\"Kubernetes - Nodes\",\"type\":\"metrics\",\"params\":{\"id\":\"4c4690b0-30e0-11e7-8df8-6d3604a72912\",\"type\":\"metric\",\"series\":[{\"id\":\"4c4690b1-30e0-11e7-8df8-6d3604a72912\",\"color\":\"#68BC00\",\"split_mode\":\"everything\",\"metrics\":[{\"id\":\"4c4690b2-30e0-11e7-8df8-6d3604a72912\",\"type\":\"cardinality\",\"field\":\"kubernetes.node.name\"}],\"seperate_axis\":0,\"axis_position\":\"right\",\"formatter\":\"number\",\"chart_type\":\"line\",\"line_width\":1,\"point_size\":1,\"fill\":0.5,\"stacked\":\"none\",\"terms_field\":\"kubernetes.deployment.name\",\"label\":\"Nodes\"}],\"time_field\":\"@timestamp\",\"index_pattern\":\"metricbeat-*\",\"interval\":\"auto\",\"axis_position\":\"left\",\"axis_formatter\":\"number\",\"show_legend\":1,\"filter\":\"metricset.module:kubernetes AND metricset.name:state_node\",\"background_color_rules\":[{\"id\":\"67ee7da0-30e0-11e7-8df8-6d3604a72912\"}],\"bar_color_rules\":[{\"id\":\"68cdba10-30e0-11e7-8df8-6d3604a72912\"}],\"gauge_color_rules\":[{\"id\":\"69765620-30e0-11e7-8df8-6d3604a72912\"}],\"gauge_width\":10,\"gauge_inner_width\":10,\"gauge_style\":\"half\"},\"aggs\":[],\"listeners\":{}}"
      },
      "col": 1,
      "id": "408fccf0-30d6-11e7-8df8-6d3604a72912",
      "panelIndex": 10,
      "row": 1,
      "size_x": 3,
      "size_y": 3,
      "type": "visualization",
      "version": 1
    },
    {
      "attributes": {
        "description": "",
        "kibanaSavedObjectMeta": {
          "searchSourceJSON": "{\"query\":{\"query_string\":{\"query\":\"*\"}},\"filter\":[]}"
        },
        "title": "Top CPU intensive pods  [Metricbeat Kubernetes]",
        "uiStateJSON": "{}",
        "version": 1,
        "visState": "{\"title\":\"Top CPU intensive pods  [Metricbeat Kubernetes]\",\"type\":\"metrics\",\"params\":{\"id\":\"5d3692a0-2bfc-11e7-859b-f78b612cde28\",\"type\":\"top_n\",\"series\":[{\"id\":\"5d3692a1-2bfc-11e7-859b-f78b612cde28\",\"color\":\"#68BC00\",\"split_mode\":\"terms\",\"metrics\":[{\"id\":\"5d3692a2-2bfc-11e7-859b-f78b612cde28\",\"type\":\"sum\",\"field\":\"kubernetes.container.cpu.usage.core.ns\"},{\"unit\":\"1s\",\"id\":\"6c905240-2bfc-11e7-859b-f78b612cde28\",\"type\":\"derivative\",\"field\":\"5d3692a2-2bfc-11e7-859b-f78b612cde28\"},{\"unit\":\"\",\"id\":\"9a51f710-359d-11e7-aa4a-8313a0c92a88\",\"type\":\"positive_only\",\"field\":\"6c905240-2bfc-11e7-859b-f78b612cde28\"}],\"seperate_axis\":0,\"axis_position\":\"right\",\"formatter\":\"0.0 a\",\"chart_type\":\"line\",\"line_width\":1,\"point_size\":1,\"fill\":0.5,\"stacked\":\"none\",\"terms_field\":\"kubernetes.pod.name\",\"terms_order_by\":\"5d3692a2-2bfc-11e7-859b-f78b612cde28\",\"value_template\":\"{{value}} ns\",\"offset_time\":\"\",\"override_index_pattern\":0}],\"time_field\":\"@timestamp\",\"index_pattern\":\"metricbeat-*\",\"interval\":\"auto\",\"axis_position\":\"left\",\"axis_formatter\":\"number\",\"show_legend\":1,\"bar_color_rules\":[{\"id\":\"802104d0-2bfc-11e7-859b-f78b612cde28\"}],\"filter\":\"metricset.module:kubernetes AND metricset.name:container\"},\"aggs\":[],\"listeners\":{}}"
      },
      "col": 1,
      "id": "58e644f0-30d6-11e7-8df8-6d3604a72912",
      "panelIndex": 11,
      "row": 13,
      "size_x": 6,
      "size_y": 3,
      "type": "visualization",
      "version": 2
    },
    {
      "attributes": {
        "description": "",
        "kibanaSavedObjectMeta": {
          "searchSourceJSON": "{\"query\":{\"query_string\":{\"query\":\"*\"}},\"filter\":[]}"
        },
        "title": "Top memory intensive pods  [Metricbeat Kubernetes]",
        "uiStateJSON": "{}",
        "version": 1,
        "visState": "{\"title\":\"Top memory intensive pods  [Metricbeat Kubernetes]\",\"type\":\"metrics\",\"params\":{\"id\":\"5d3692a0-2bfc-11e7-859b-f78b612cde28\",\"type\":\"top_n\",\"series\":[{\"id\":\"5d3692a1-2bfc-11e7-859b-f78b612cde28\",\"color\":\"#68BC00\",\"split_mode\":\"terms\",\"metrics\":[{\"id\":\"5d3692a2-2bfc-11e7-859b-f78b612cde28\",\"type\":\"sum\",\"field\":\"kubernetes.container.memory.usage.bytes\"}],\"seperate_axis\":0,\"axis_position\":\"right\",\"formatter\":\"bytes\",\"chart_type\":\"line\",\"line_width\":1,\"point_size\":1,\"fill\":0.5,\"stacked\":\"none\",\"terms_field\":\"kubernetes.pod.name\",\"terms_order_by\":\"5d3692a2-2bfc-11e7-859b-f78b612cde28\",\"value_template\":\"\",\"offset_time\":\"\",\"override_index_pattern\":0,\"terms_size\":\"10\"}],\"time_field\":\"@timestamp\",\"index_pattern\":\"metricbeat-*\",\"interval\":\"auto\",\"axis_position\":\"left\",\"axis_formatter\":\"number\",\"show_legend\":1,\"bar_color_rules\":[{\"id\":\"802104d0-2bfc-11e7-859b-f78b612cde28\"}],\"filter\":\"metricset.module:kubernetes AND metricset.name:container\"},\"aggs\":[],\"listeners\":{}}"
      },
      "col": 7,
      "id": "a4c9d360-30df-11e7-8df8-6d3604a72912",
      "panelIndex": 12,
      "row": 13,
      "size_x": 6,
      "size_y": 3,
      "type": "visualization",
      "version": 2
    },
    {
      "attributes": {
        "description": "",
        "kibanaSavedObjectMeta": {
          "searchSourceJSON": "{\"query\":{\"query_string\":{\"query\":\"*\"}},\"filter\":[]}"
        },
        "title": "Kubernetes - Unavailable pods",
        "uiStateJSON": "{}",
        "version": 1,
        "visState": "{\"title\":\"Kubernetes - Unavailable pods\",\"type\":\"metrics\",\"params\":{\"id\":\"2fe9d3b0-30d5-11e7-8df8-6d3604a72912\",\"type\":\"metric\",\"series\":[{\"id\":\"2fe9d3b1-30d5-11e7-8df8-6d3604a72912\",\"color\":\"#68BC00\",\"split_mode\":\"everything\",\"metrics\":[{\"id\":\"54cf79a0-30d5-11e7-8df8-6d3604a72912\",\"type\":\"sum\",\"field\":\"kubernetes.deployment.replicas.unavailable\"}],\"seperate_axis\":0,\"axis_position\":\"right\",\"formatter\":\"number\",\"chart_type\":\"line\",\"line_width\":1,\"point_size\":1,\"fill\":0.5,\"stacked\":\"none\",\"label\":\"Unavailable Pods\",\"override_index_pattern\":1,\"series_interval\":\"10s\"}],\"time_field\":\"@timestamp\",\"index_pattern\":\"metricbeat-*\",\"interval\":\"auto\",\"axis_position\":\"left\",\"axis_formatter\":\"number\",\"show_legend\":1,\"background_color_rules\":[{\"id\":\"508ffb30-30d5-11e7-8df8-6d3604a72912\"}],\"gauge_color_rules\":[{\"id\":\"50f9b980-30d5-11e7-8df8-6d3604a72912\"}],\"gauge_width\":\"10\",\"gauge_inner_width\":\"10\",\"gauge_style\":\"half\",\"bar_color_rules\":[{\"id\":\"674d83b0-30d5-11e7-8df8-6d3604a72912\"}],\"gauge_max\":\"\",\"filter\":\"metricset.module:kubernetes AND metricset.name:state_deployment\"},\"aggs\":[],\"listeners\":{}}"
      },
      "col": 5,
      "id": "174a6ad0-30e0-11e7-8df8-6d3604a72912",
      "panelIndex": 13,
      "row": 4,
      "size_x": 2,
      "size_y": 3,
      "type": "visualization",
      "version": 1
    },
    {
      "attributes": {
        "description": "",
        "kibanaSavedObjectMeta": {
          "searchSourceJSON": "{\"query\":{\"query_string\":{\"query\":\"*\"}},\"filter\":[]}"
        },
        "title": "Unavailable pods per deployment [Metricbeat Kubernetes]",
        "uiStateJSON": "{}",
        "version": 1,
        "visState": "{\"title\":\"Unavailable pods per deployment [Metricbeat Kubernetes]\",\"type\":\"metrics\",\"params\":{\"id\":\"117fadf0-30df-11e7-8df8-6d3604a72912\",\"type\":\"timeseries\",\"series\":[{\"id\":\"64456840-30df-11e7-8df8-6d3604a72912\",\"color\":\"rgba(254,146,0,1)\",\"split_mode\":\"terms\",\"metrics\":[{\"id\":\"64456841-30df-11e7-8df8-6d3604a72912\",\"type\":\"sum\",\"field\":\"kubernetes.deployment.replicas.unavailable\"}],\"seperate_axis\":0,\"axis_position\":\"right\",\"formatter\":\"number\",\"chart_type\":\"line\",\"line_width\":1,\"point_size\":1,\"fill\":0.5,\"stacked\":\"stacked\",\"split_filters\":[{\"color\":\"#68BC00\",\"id\":\"53d35ad0-30df-11e7-8df8-6d3604a72912\"}],\"terms_field\":\"kubernetes.deployment.name\",\"label\":\"Unavailable pods\",\"terms_size\":\"10000\"}],\"time_field\":\"@timestamp\",\"index_pattern\":\"metricbeat-*\",\"interval\":\"auto\",\"axis_position\":\"left\",\"axis_formatter\":\"number\",\"show_legend\":1,\"filter\":\"metricset.module:kubernetes AND metricset.name:state_deployment\"},\"aggs\":[],\"listeners\":{}}"
      },
      "col": 7,
      "id": "7aac4fd0-30e0-11e7-8df8-6d3604a72912",
      "panelIndex": 14,
      "row": 4,
      "size_x": 6,
      "size_y": 3,
      "type": "visualization",
      "version": 2
    },
    {
      "attributes": {
        "description": "",
        "kibanaSavedObjectMeta": {
          "searchSourceJSON": "{\"query\":{\"query_string\":{\"query\":\"*\"}},\"filter\":[]}"
        },
        "title": "Kubernetes - Available pods",
        "uiStateJSON": "{}",
        "version": 1,
        "visState": "{\"title\":\"Kubernetes - Available pods\",\"type\":\"metrics\",\"params\":{\"id\":\"2fe9d3b0-30d5-11e7-8df8-6d3604a72912\",\"type\":\"metric\",\"series\":[{\"id\":\"2fe9d3b1-30d5-11e7-8df8-6d3604a72912\",\"color\":\"#68BC00\",\"split_mode\":\"everything\",\"metrics\":[{\"id\":\"54cf79a0-30d5-11e7-8df8-6d3604a72912\",\"type\":\"sum\",\"field\":\"kubernetes.deployment.replicas.available\"}],\"seperate_axis\":0,\"axis_position\":\"right\",\"formatter\":\"number\",\"chart_type\":\"line\",\"line_width\":1,\"point_size\":1,\"fill\":0.5,\"stacked\":\"none\",\"label\":\"Available Pods\",\"override_index_pattern\":1,\"series_time_field\":\"@timestamp\",\"series_index_pattern\":\"*\",\"series_interval\":\"10s\"}],\"time_field\":\"@timestamp\",\"index_pattern\":\"metricbeat-*\",\"interval\":\"auto\",\"axis_position\":\"left\",\"axis_formatter\":\"number\",\"show_legend\":1,\"background_color_rules\":[{\"id\":\"508ffb30-30d5-11e7-8df8-6d3604a72912\"}],\"gauge_color_rules\":[{\"id\":\"50f9b980-30d5-11e7-8df8-6d3604a72912\"}],\"gauge_width\":\"10\",\"gauge_inner_width\":\"10\",\"gauge_style\":\"half\",\"bar_color_rules\":[{\"id\":\"674d83b0-30d5-11e7-8df8-6d3604a72912\"}],\"gauge_max\":\"5\",\"filter\":\"metricset.module:kubernetes AND metricset.name:state_deployment\"},\"aggs\":[],\"listeners\":{}}"
      },
      "col": 3,
      "id": "da1ff7c0-30ed-11e7-b9e5-2b5b07213ab3",
      "panelIndex": 15,
      "row": 4,
      "size_x": 2,
      "size_y": 3,
      "type": "visualization",
      "version": 1
    },
    {
      "attributes": {
        "description": "",
        "hits": 0,
        "kibanaSavedObjectMeta": {
          "searchSourceJSON": "{\"filter\":[{\"query\":{\"query_string\":{\"analyze_wildcard\":true,\"query\":\"*\"}}}],\"highlightAll\":true,\"version\":true}"
        },
        "optionsJSON": "{\"darkTheme\":false}",
        "panelsJSON": "[{\"col\":7,\"id\":\"022a54c0-2bf5-11e7-859b-f78b612cde28\",\"panelIndex\":1,\"row\":1,\"size_x\":6,\"size_y\":3,\"type\":\"visualization\"},{\"col\":1,\"id\":\"44f12b40-2bf4-11e7-859b-f78b612cde28\",\"panelIndex\":2,\"row\":7,\"size_x\":6,\"size_y\":3,\"type\":\"visualization\"},{\"col\":4,\"id\":\"cd059410-2bfb-11e7-859b-f78b612cde28\",\"panelIndex\":5,\"row\":1,\"size_x\":3,\"size_y\":3,\"type\":\"visualization\"},{\"col\":1,\"id\":\"e1018b90-2bfb-11e7-859b-f78b612cde28\",\"panelIndex\":6,\"row\":4,\"size_x\":2,\"size_y\":3,\"type\":\"visualization\"},{\"col\":7,\"id\":\"d6564360-2bfc-11e7-859b-f78b612cde28\",\"panelIndex\":7,\"row\":7,\"size_x\":6,\"size_y\":3,\"type\":\"visualization\"},{\"col\":7,\"id\":\"16fa4470-2bfd-11e7-859b-f78b612cde28\",\"panelIndex\":8,\"row\":10,\"size_x\":6,\"size_y\":3,\"type\":\"visualization\"},{\"col\":1,\"id\":\"294546b0-30d6-11e7-8df8-6d3604a72912\",\"panelIndex\":9,\"row\":10,\"size_x\":6,\"size_y\":3,\"type\":\"visualization\"},{\"col\":1,\"id\":\"408fccf0-30d6-11e7-8df8-6d3604a72912\",\"panelIndex\":10,\"row\":1,\"size_x\":3,\"size_y\":3,\"type\":\"visualization\"},{\"col\":1,\"id\":\"58e644f0-30d6-11e7-8df8-6d3604a72912\",\"panelIndex\":11,\"row\":13,\"size_x\":6,\"size_y\":3,\"type\":\"visualization\"},{\"col\":7,\"id\":\"a4c9d360-30df-11e7-8df8-6d3604a72912\",\"panelIndex\":12,\"row\":13,\"size_x\":6,\"size_y\":3,\"type\":\"visualization\"},{\"col\":5,\"id\":\"174a6ad0-30e0-11e7-8df8-6d3604a72912\",\"panelIndex\":13,\"row\":4,\"size_x\":2,\"size_y\":3,\"type\":\"visualization\"},{\"col\":7,\"id\":\"7aac4fd0-30e0-11e7-8df8-6d3604a72912\",\"panelIndex\":14,\"row\":4,\"size_x\":6,\"size_y\":3,\"type\":\"visualization\"},{\"col\":3,\"id\":\"da1ff7c0-30ed-11e7-b9e5-2b5b07213ab3\",\"panelIndex\":15,\"row\":4,\"size_x\":2,\"size_y\":3,\"type\":\"visualization\"}]",
        "timeRestore": false,
        "title": "[Metricbeat Kubernetes] Overview",
        "uiStateJSON": "{}",
        "version": 1
      },
      "id": "AV4RGUqo5NkDleZmzKuZ",
      "type": "dashboard",
      "version": 3
    }
  ],
  "version": "5.6.0-SNAPSHOT"
}
