{
  "visState": "{\"title\":\"Top created [Auditbeat File Integrity]\",\"type\":\"pie\",\"params\":{\"addLegend\":true,\"addTooltip\":true,\"isDonut\":false,\"legendPosition\":\"right\",\"type\":\"pie\"},\"aggs\":[{\"id\":\"1\",\"enabled\":true,\"type\":\"count\",\"schema\":\"metric\",\"params\":{}},{\"id\":\"2\",\"enabled\":true,\"type\":\"terms\",\"schema\":\"segment\",\"params\":{\"field\":\"file.path.raw\",\"size\":10,\"order\":\"desc\",\"orderBy\":\"1\",\"customLabel\":\"Path\"}}],\"listeners\":{}}", 
  "description": "", 
  "title": "Top created [Auditbeat File Integrity]", 
  "uiStateJSON": "{}", 
  "version": 1, 
  "savedSearchId": "a380a060-cb44-11e7-9835-2f31fe08873b", 
  "kibanaSavedObjectMeta": {
    "searchSourceJSON": "{\"index\":\"auditbeat-*\",\"filter\":[]}"
  }
}