{
  "visState": "{\"title\":\"Primary Username Tag Cloud [Auditbeat Auditd]\",\"type\":\"tagcloud\",\"params\":{\"scale\":\"linear\",\"orientation\":\"single\",\"minFontSize\":18,\"maxFontSize\":72,\"type\":\"tagcloud\"},\"aggs\":[{\"id\":\"1\",\"enabled\":true,\"type\":\"count\",\"schema\":\"metric\",\"params\":{}},{\"id\":\"2\",\"enabled\":true,\"type\":\"terms\",\"schema\":\"segment\",\"params\":{\"field\":\"auditd.summary.actor.primary\",\"size\":5,\"order\":\"desc\",\"orderBy\":\"1\"}}],\"listeners\":{}}", 
  "description": "", 
  "title": "Primary Username Tag Cloud [Auditbeat Auditd]", 
  "uiStateJSON": "{}", 
  "version": 1, 
  "kibanaSavedObjectMeta": {
    "searchSourceJSON": "{\"index\":\"auditbeat-*\",\"query\":{\"match_all\":{}},\"filter\":[]}"
  }
}