{
  "visState": "{\n  \"title\": \"Connect [Auditbeat Auditd]\",\n  \"type\": \"table\",\n  \"params\": {\n    \"perPage\": 10,\n    \"showPartialRows\": false,\n    \"showMeticsAtAllLevels\": false,\n    \"sort\": {\n      \"columnIndex\": null,\n      \"direction\": null\n    },\n    \"showTotal\": false,\n    \"totalFunc\": \"sum\"\n  },\n  \"aggs\": [\n    {\n      \"id\": \"1\",\n      \"enabled\": true,\n      \"type\": \"count\",\n      \"schema\": \"metric\",\n      \"params\": {}\n    },\n    {\n      \"id\": \"2\",\n      \"enabled\": true,\n      \"type\": \"terms\",\n      \"schema\": \"bucket\",\n      \"params\": {\n        \"field\": \"process.exe\",\n        \"size\": 50,\n        \"order\": \"desc\",\n        \"orderBy\": \"1\",\n        \"customLabel\": \"Exe\"\n      }\n    },\n    {\n      \"id\": \"3\",\n      \"enabled\": true,\n      \"type\": \"terms\",\n      \"schema\": \"bucket\",\n      \"params\": {\n        \"field\": \"auditd.summary.object.primary\",\n        \"size\": 10,\n        \"order\": \"desc\",\n        \"orderBy\": \"1\",\n        \"customLabel\": \"Address\"\n      }\n    },\n    {\n      \"id\": \"4\",\n      \"enabled\": true,\n      \"type\": \"terms\",\n      \"schema\": \"bucket\",\n      \"params\": {\n        \"field\": \"auditd.summary.object.secondary\",\n        \"size\": 5,\n        \"order\": \"desc\",\n        \"orderBy\": \"1\",\n        \"customLabel\": \"Port\"\n      }\n    }\n  ]\n}", 
  "description": "", 
  "title": "Connect [Auditbeat Auditd]", 
  "uiStateJSON": "{\n  \"vis\": {\n    \"params\": {\n      \"sort\": {\n        \"columnIndex\": null,\n        \"direction\": null\n      }\n    }\n  }\n}", 
  "version": 1, 
  "savedSearchId": "5438b030-c246-11e7-8692-232bd1143e8a", 
  "kibanaSavedObjectMeta": {
    "searchSourceJSON": ""
  }
}