{
  "visState": "{\"title\":\"Metricbeat: Outbound Traffic Metric\",\"type\":\"metrics\",\"params\":{\"axis_formatter\":\"number\",\"axis_position\":\"left\",\"background_color_rules\":[{\"id\":\"0e346760-1b92-11e7-bec4-a5e9ec5cab8b\"}],\"filter\":\"-system.network.name:l*\",\"id\":\"0c761590-1b92-11e7-bec4-a5e9ec5cab8b\",\"index_pattern\":\"metricbeat-*\",\"interval\":\"auto\",\"series\":[{\"axis_position\":\"right\",\"chart_type\":\"line\",\"color\":\"#68BC00\",\"fill\":0.5,\"formatter\":\"bytes\",\"id\":\"0c761591-1b92-11e7-bec4-a5e9ec5cab8b\",\"label\":\"Outbound Traffic\",\"line_width\":1,\"metrics\":[{\"field\":\"system.network.out.bytes\",\"id\":\"0c761592-1b92-11e7-bec4-a5e9ec5cab8b\",\"type\":\"max\"},{\"field\":\"0c761592-1b92-11e7-bec4-a5e9ec5cab8b\",\"id\":\"1d659060-1b92-11e7-bec4-a5e9ec5cab8b\",\"type\":\"derivative\",\"unit\":\"1s\"},{\"field\":\"1d659060-1b92-11e7-bec4-a5e9ec5cab8b\",\"id\":\"f2074f70-1b92-11e7-a416-41f5ccdba2e6\",\"type\":\"positive_only\",\"unit\":\"\"},{\"id\":\"a1737470-2c55-11e7-a0ad-277ce466684d\",\"type\":\"series_agg\",\"function\":\"sum\"}],\"point_size\":1,\"seperate_axis\":0,\"split_mode\":\"terms\",\"stacked\":\"none\",\"value_template\":\"{{value}}/s\",\"terms_field\":\"system.network.name\"},{\"axis_position\":\"right\",\"chart_type\":\"line\",\"color\":\"#68BC00\",\"fill\":0.5,\"formatter\":\"bytes\",\"id\":\"37f70440-1b92-11e7-bec4-a5e9ec5cab8b\",\"label\":\"Total Transferred\",\"line_width\":1,\"metrics\":[{\"field\":\"system.network.out.bytes\",\"id\":\"37f72b50-1b92-11e7-bec4-a5e9ec5cab8b\",\"type\":\"max\"},{\"field\":\"37f72b50-1b92-11e7-bec4-a5e9ec5cab8b\",\"id\":\"37f72b51-1b92-11e7-bec4-a5e9ec5cab8b\",\"type\":\"derivative\",\"unit\":\"\"},{\"unit\":\"\",\"id\":\"f9da2dd0-1b92-11e7-a416-41f5ccdba2e6\",\"type\":\"positive_only\",\"field\":\"37f72b51-1b92-11e7-bec4-a5e9ec5cab8b\"},{\"sigma\":\"\",\"field\":\"f9da2dd0-1b92-11e7-a416-41f5ccdba2e6\",\"id\":\"3e63c2f0-1b92-11e7-bec4-a5e9ec5cab8b\",\"type\":\"series_agg\",\"function\":\"overall_sum\"}],\"point_size\":1,\"seperate_axis\":0,\"split_mode\":\"terms\",\"stacked\":\"none\",\"value_template\":\"{{value}}\",\"terms_field\":\"system.network.name\"}],\"show_legend\":1,\"time_field\":\"@timestamp\",\"type\":\"metric\"},\"aggs\":[],\"listeners\":{}}",
  "description": "",
  "title": "Metricbeat: Outbound Traffic Metric",
  "uiStateJSON": "{}",
  "version": 1,
  "kibanaSavedObjectMeta": {
    "searchSourceJSON": "{\"query\":{\"query_string\":{\"query\":\"*\"}},\"filter\":[]}"
  }
}
