{
  "visState": "{\"title\":\"Metricbeat: Processes By Memory\",\"type\":\"metrics\",\"params\":{\"id\":\"edfceb30-1b18-11e7-b09e-037021c4f8df\",\"type\":\"top_n\",\"series\":[{\"id\":\"edfceb31-1b18-11e7-b09e-037021c4f8df\",\"color\":\"#68BC00\",\"split_mode\":\"terms\",\"metrics\":[{\"id\":\"edfceb32-1b18-11e7-b09e-037021c4f8df\",\"type\":\"avg\",\"field\":\"system.process.memory.rss.pct\"}],\"seperate_axis\":0,\"axis_position\":\"right\",\"formatter\":\"percent\",\"chart_type\":\"line\",\"line_width\":1,\"point_size\":1,\"fill\":0.5,\"stacked\":\"none\",\"terms_field\":\"system.process.name\",\"terms_order_by\":\"edfceb32-1b18-11e7-b09e-037021c4f8df\"}],\"time_field\":\"@timestamp\",\"index_pattern\":\"metricbeat-*\",\"interval\":\"auto\",\"axis_position\":\"left\",\"axis_formatter\":\"number\",\"show_legend\":1,\"bar_color_rules\":[{\"value\":0,\"id\":\"efb9b660-1b18-11e7-b09e-037021c4f8df\",\"bar_color\":\"rgba(104,188,0,1)\",\"opperator\":\"gte\"},{\"value\":0.7,\"id\":\"17fcb820-1b19-11e7-b09e-037021c4f8df\",\"bar_color\":\"rgba(254,146,0,1)\",\"opperator\":\"gte\"},{\"value\":0.85,\"id\":\"1dd61070-1b19-11e7-b09e-037021c4f8df\",\"bar_color\":\"rgba(211,49,21,1)\",\"opperator\":\"gte\"}],\"drilldown_url\":\"\",\"filter\":\"\"},\"aggs\":[],\"listeners\":{}}",
  "description": "",
  "title": "Metricbeat: Processes By Memory",
  "uiStateJSON": "{}",
  "version": 1,
  "kibanaSavedObjectMeta": {
    "searchSourceJSON": "{\"query\":{\"query_string\":{\"query\":\"*\"}},\"filter\":[]}"
  }
}
