{
  "visState": "{\"title\":\"Metricbeat: CPU Usage Gauge\",\"type\":\"metrics\",\"params\":{\"id\":\"4c9e2550-1b91-11e7-bec4-a5e9ec5cab8b\",\"type\":\"gauge\",\"series\":[{\"id\":\"4c9e2551-1b91-11e7-bec4-a5e9ec5cab8b\",\"color\":\"#68BC00\",\"split_mode\":\"everything\",\"metrics\":[{\"id\":\"4c9e2552-1b91-11e7-bec4-a5e9ec5cab8b\",\"type\":\"avg\",\"field\":\"system.cpu.idle.pct\"},{\"script\":\"params.idle > 0 ? 1 - params.idle : null\",\"id\":\"587aa510-1b91-11e7-bec4-a5e9ec5cab8b\",\"type\":\"calculation\",\"variables\":[{\"id\":\"5a19af10-1b91-11e7-bec4-a5e9ec5cab8b\",\"name\":\"idle\",\"field\":\"4c9e2552-1b91-11e7-bec4-a5e9ec5cab8b\"}]}],\"seperate_axis\":0,\"axis_position\":\"right\",\"formatter\":\"percent\",\"chart_type\":\"line\",\"line_width\":1,\"point_size\":1,\"fill\":0.5,\"stacked\":\"none\",\"label\":\"CPU Usage\"}],\"time_field\":\"@timestamp\",\"index_pattern\":\"metricbeat-*\",\"interval\":\"auto\",\"axis_position\":\"left\",\"axis_formatter\":\"number\",\"show_legend\":1,\"gauge_color_rules\":[{\"value\":0,\"id\":\"4ef2c3b0-1b91-11e7-bec4-a5e9ec5cab8b\",\"gauge\":\"rgba(104,188,0,1)\",\"opperator\":\"gte\"},{\"value\":0.7,\"id\":\"e6561ae0-1b91-11e7-bec4-a5e9ec5cab8b\",\"gauge\":\"rgba(254,146,0,1)\",\"opperator\":\"gte\"},{\"value\":0.85,\"id\":\"ec655040-1b91-11e7-bec4-a5e9ec5cab8b\",\"gauge\":\"rgba(211,49,21,1)\",\"opperator\":\"gte\"}],\"gauge_width\":10,\"gauge_inner_width\":10,\"gauge_style\":\"half\",\"gauge_max\":\"1\",\"filter\":\"\"},\"aggs\":[],\"listeners\":{}}",
  "description": "",
  "title": "Metricbeat: CPU Usage Gauge",
  "uiStateJSON": "{}",
  "version": 1,
  "kibanaSavedObjectMeta": {
    "searchSourceJSON": "{\"query\":{\"query_string\":{\"query\":\"*\"}},\"filter\":[]}"
  }
}
