{
  "visState": "{\"title\":\"Kubernetes - Memory usage by node\",\"type\":\"metrics\",\"params\":{\"id\":\"0d5c6b10-2bf2-11e7-859b-f78b612cde28\",\"type\":\"timeseries\",\"series\":[{\"id\":\"0d5c9220-2bf2-11e7-859b-f78b612cde28\",\"color\":\"#68BC00\",\"split_mode\":\"terms\",\"metrics\":[{\"id\":\"0d5c9221-2bf2-11e7-859b-f78b612cde28\",\"type\":\"sum\",\"field\":\"kubernetes.container.memory.usage.bytes\"}],\"seperate_axis\":0,\"axis_position\":\"right\",\"formatter\":\"bytes\",\"chart_type\":\"line\",\"line_width\":1,\"point_size\":1,\"fill\":0.5,\"stacked\":\"none\",\"terms_field\":\"kubernetes.node.name\",\"terms_size\":\"10000\",\"terms_order_by\":\"0d5c9221-2bf2-11e7-859b-f78b612cde28\"},{\"id\":\"8ba3b270-31a7-11e7-84cc-096d2b38e6e5\",\"color\":\"rgba(211,49,21,1)\",\"split_mode\":\"terms\",\"metrics\":[{\"id\":\"8ba3b271-31a7-11e7-84cc-096d2b38e6e5\",\"type\":\"sum\",\"field\":\"kubernetes.node.memory.capacity.bytes\"}],\"seperate_axis\":0,\"axis_position\":\"right\",\"formatter\":\"bytes\",\"chart_type\":\"line\",\"line_width\":1,\"point_size\":\"0\",\"fill\":\"0\",\"stacked\":\"none\",\"terms_field\":\"kubernetes.node.name\",\"terms_size\":\"10000\",\"terms_order_by\":\"8ba3b271-31a7-11e7-84cc-096d2b38e6e5\",\"hide_in_legend\":1,\"label\":\"Node capacity\"}],\"time_field\":\"@timestamp\",\"index_pattern\":\"metricbeat-*\",\"interval\":\"auto\",\"axis_position\":\"left\",\"axis_formatter\":\"number\",\"show_legend\":1,\"background_color_rules\":[{\"id\":\"12c1f2f0-2bf2-11e7-859b-f78b612cde28\"}],\"bar_color_rules\":[{\"id\":\"1373ddd0-2bf2-11e7-859b-f78b612cde28\"}],\"gauge_color_rules\":[{\"id\":\"140e4910-2bf2-11e7-859b-f78b612cde28\"}],\"gauge_width\":10,\"gauge_inner_width\":10,\"gauge_style\":\"half\",\"filter\":\"metricset.module:kubernetes AND (metricset.name:container OR metricset.name:state_node)\"},\"aggs\":[],\"listeners\":{}}",
  "description": "",
  "title": "Kubernetes - Memory usage by node",
  "uiStateJSON": "{}",
  "version": 1,
  "kibanaSavedObjectMeta": {
    "searchSourceJSON": "{\"query\":{\"query_string\":{\"query\":\"*\"}},\"filter\":[]}"
  }
}
