{
  "description": "",
  "kibanaSavedObjectMeta": {
    "searchSourceJSON": "{}"
  },
  "title": "Overview [Metricbeat uWSGI]",
  "uiStateJSON": "{}",
  "version": 1,
  "visState": "{\"type\":\"timelion\",\"title\":\"Overview [Metricbeat uWSGI]\",\"params\":{\"expression\":\".es(metric=avg:uwsgi.status.total.requests).derivative().label('Requests').title('Overview of requests per period'),\\n.es(metric=avg:uwsgi.status.total.exceptions).derivative().label('Exceptions'),\\n.es(metric=max:uwsgi.status.worker.avg_rt).label('Average response time').yaxis(2)\",\"interval\":\"15s\"}}"
}
