{
  "hits": 0, 
  "timeRestore": false, 
  "description": "Summary of socket related syscall events.", 
  "title": "[Auditbeat Auditd] Sockets", 
  "uiStateJSON": "{\"P-3\":{\"vis\":{\"params\":{\"sort\":{\"columnIndex\":null,\"direction\":null}}}},\"P-4\":{\"vis\":{\"params\":{\"sort\":{\"columnIndex\":null,\"direction\":null}}}},\"P-5\":{\"vis\":{\"params\":{\"sort\":{\"columnIndex\":null,\"direction\":null}}}}}", 
  "panelsJSON": "[{\"col\":1,\"id\":\"b21e0c70-c252-11e7-8692-232bd1143e8a\",\"panelIndex\":1,\"row\":1,\"size_x\":12,\"size_y\":3,\"type\":\"visualization\"},{\"col\":7,\"id\":\"faf882f0-c242-11e7-8692-232bd1143e8a\",\"panelIndex\":3,\"row\":4,\"size_x\":6,\"size_y\":3,\"type\":\"visualization\"},{\"col\":1,\"id\":\"ea483730-c246-11e7-8692-232bd1143e8a\",\"panelIndex\":4,\"row\":7,\"size_x\":6,\"size_y\":3,\"type\":\"visualization\"},{\"col\":7,\"id\":\"ceb91de0-c250-11e7-8692-232bd1143e8a\",\"panelIndex\":5,\"row\":7,\"size_x\":6,\"size_y\":3,\"type\":\"visualization\"},{\"col\":1,\"id\":\"AWECSCC-I1bE2ipp1pZj\",\"panelIndex\":6,\"row\":4,\"size_x\":6,\"size_y\":3,\"type\":\"visualization\"}]", 
  "optionsJSON": "{\"darkTheme\":false}", 
  "version": 1, 
  "kibanaSavedObjectMeta": {
    "searchSourceJSON": "{\"filter\":[{\"query\":{\"match_all\":{}}}],\"highlightAll\":true,\"version\":true}"
  }
}